﻿<?xml version="1.0" encoding="utf-8"?>
<TextureAtlas imagePath="BOYFRIEND.png">
	<SubTexture name="idle0000" x="5" y="5" width="423" height="763"/>
	<SubTexture name="idle0001" x="5" y="5" width="423" height="763"/>
	<SubTexture name="idle0002" x="438" y="5" width="423" height="763"/>
	<SubTexture name="idle0003" x="438" y="5" width="423" height="763"/>
	<SubTexture name="idle0004" x="871" y="5" width="423" height="763"/>
	<SubTexture name="idle0005" x="871" y="5" width="423" height="763"/>
	<SubTexture name="idle0006" x="1304" y="5" width="423" height="763"/>
	<SubTexture name="idle0007" x="1304" y="5" width="423" height="763"/>
	<SubTexture name="idle0008" x="1737" y="5" width="423" height="763"/>
	<SubTexture name="idle0009" x="1737" y="5" width="423" height="763"/>
	<SubTexture name="idle0010" x="5" y="5" width="423" height="763"/>
	<SubTexture name="idle0011" x="5" y="5" width="423" height="763"/>
	<SubTexture name="idle0012" x="5" y="5" width="423" height="763"/>
</TextureAtlas>
